{
    "68.0": {
        "A": 0.2745256400985109,
        "sigma": 4.999999999999999,
        "x0": 1.817390204447268
    },
    "68.5": {
        "A": 0.2737590450315347,
        "sigma": 4.999999999999999,
        "x0": 1.9128382725661488
    },
    "69.0": {
        "A": 0.27099873205463326,
        "sigma": 4.999999999999999,
        "x0": 1.8848440049080128
    },
    "69.5": {
        "A": 0.26809414000912973,
        "sigma": 4.999999999999999,
        "x0": 1.8641968424726607
    },
    "70.0": {
        "A": 0.2622771989960662,
        "sigma": 4.999999999999999,
        "x0": 1.8885593894993857
    },
    "70.5": {
        "A": 0.25010631606661987,
        "sigma": 4.999999999999999,
        "x0": 1.9910022767276991
    },
    "71.0": {
        "A": 0.2382581424304353,
        "sigma": 4.999999999999999,
        "x0": 2.054384281928243
    },
    "71.5": {
        "A": 0.23140961013318256,
        "sigma": 4.999999999999999,
        "x0": 2.101096566673883
    },
    "72.0": {
        "A": 0.22917238675097998,
        "sigma": 4.999999999999999,
        "x0": 2.200895108667941
    },
    "72.5": {
        "A": 0.23336870322169553,
        "sigma": 4.999999999999999,
        "x0": 2.0873661456775507
    },
    "73.0": {
        "A": 0.24844815215112664,
        "sigma": 4.999999999999999,
        "x0": 1.8158940771653855
    },
    "73.5": {
        "A": 0.2608196393031382,
        "sigma": 4.999999999999953,
        "x0": 1.654151776974161
    },
    "74.0": {
        "A": 0.2735886394474069,
        "sigma": 4.999999999999999,
        "x0": 1.6075017634495512
    },
    "74.5": {
        "A": 0.28085322663720386,
        "sigma": 4.999999999999986,
        "x0": 1.5611176163696792
    },
    "75.0": {
        "A": 0.28535361207517423,
        "sigma": 4.999999999999999,
        "x0": 1.624900096082996
    },
    "75.5": {
        "A": 0.2846511699395109,
        "sigma": 4.999999999999999,
        "x0": 1.6704649707529466
    },
    "76.0": {
        "A": 0.2832794378149987,
        "sigma": 4.999999999999999,
        "x0": 1.735358681190869
    },
    "76.5": {
        "A": 0.2806515187906426,
        "sigma": 4.999999999999999,
        "x0": 1.782672412016057
    },
    "77.0": {
        "A": 0.27769448542358915,
        "sigma": 4.999999999999999,
        "x0": 1.7655465801915091
    },
    "77.5": {
        "A": 0.2716219468223331,
        "sigma": 4.999999999999999,
        "x0": 1.739115161908627
    },
    "78.0": {
        "A": 0.2633921654642199,
        "sigma": 4.999999999999999,
        "x0": 1.8098674505505497
    },
    "78.5": {
        "A": 0.2556369566922795,
        "sigma": 4.999999999999999,
        "x0": 1.9081271359432317
    },
    "79.0": {
        "A": 0.2526841958620781,
        "sigma": 4.999999999999999,
        "x0": 1.8814163122767098
    },
    "79.5": {
        "A": 0.25430500974555054,
        "sigma": 4.999999999999999,
        "x0": 1.7970254579771239
    },
    "80.0": {
        "A": 0.2610072217951367,
        "sigma": 4.999999999999999,
        "x0": 1.6980976882973529
    },
    "80.5": {
        "A": 0.26981375784284733,
        "sigma": 4.999999999999999,
        "x0": 1.6946483955551468
    },
    "81.0": {
        "A": 0.27910911309024045,
        "sigma": 4.999999999999999,
        "x0": 1.6825638964860377
    },
    "81.5": {
        "A": 0.2835208582707551,
        "sigma": 4.999999999999999,
        "x0": 1.7460920721629205
    },
    "82.0": {
        "A": 0.2862774742832409,
        "sigma": 4.999999999999999,
        "x0": 1.81620975006544
    },
    "82.5": {
        "A": 0.29171745438752744,
        "sigma": 4.999999999999999,
        "x0": 1.7080613091277843
    },
    "83.0": {
        "A": 0.2991623326860928,
        "sigma": 4.999999999999999,
        "x0": 1.538206698871464
    },
    "83.5": {
        "A": 0.30138207283737267,
        "sigma": 4.999999999999998,
        "x0": 1.4328949788214758
    },
    "84.0": {
        "A": 0.31013693612955184,
        "sigma": 4.999999999999999,
        "x0": 1.2065323439749271
    },
    "84.5": {
        "A": 0.33181834739279514,
        "sigma": 4.160178595823205,
        "x0": 1.1668424577414707
    }
}