{
    "68.0": {
        "A": 0.2744744546308118,
        "sigma": 4.999999999999999,
        "x0": 1.8230719569663092
    },
    "68.5": {
        "A": 0.2737132558595575,
        "sigma": 4.999999999999999,
        "x0": 1.9185781957459054
    },
    "69.0": {
        "A": 0.27095130588765526,
        "sigma": 4.999999999999999,
        "x0": 1.8906832776098668
    },
    "69.5": {
        "A": 0.26804543994629454,
        "sigma": 4.999999999999999,
        "x0": 1.8700679432862055
    },
    "70.0": {
        "A": 0.2621626290903734,
        "sigma": 4.999999999999999,
        "x0": 1.894081481568943
    },
    "70.5": {
        "A": 0.2499603887951427,
        "sigma": 4.999999999999999,
        "x0": 1.9988229219234996
    },
    "71.0": {
        "A": 0.23739244823411845,
        "sigma": 4.999999999999999,
        "x0": 2.127934736024255
    },
    "71.5": {
        "A": 0.2305754407581118,
        "sigma": 4.999999999999999,
        "x0": 2.177452000347295
    },
    "72.0": {
        "A": 0.22840513622651404,
        "sigma": 4.999999999999896,
        "x0": 2.279073568186103
    },
    "72.5": {
        "A": 0.23262292639477375,
        "sigma": 4.999999999999999,
        "x0": 2.155756377853949
    },
    "73.0": {
        "A": 0.24758212560861234,
        "sigma": 4.999999999999999,
        "x0": 1.8755739365421702
    },
    "73.5": {
        "A": 0.26056648315647907,
        "sigma": 4.999999999999961,
        "x0": 1.6681876766413224
    },
    "74.0": {
        "A": 0.27159285016444384,
        "sigma": 4.999999999999604,
        "x0": 1.7202169205966293
    },
    "74.5": {
        "A": 0.27859538066876244,
        "sigma": 4.999999999999992,
        "x0": 1.685888193784294
    },
    "75.0": {
        "A": 0.2831766901624779,
        "sigma": 4.999999999999999,
        "x0": 1.7492708162079986
    },
    "75.5": {
        "A": 0.28253462068122454,
        "sigma": 4.999999999999999,
        "x0": 1.796535503709767
    },
    "76.0": {
        "A": 0.2812503188546169,
        "sigma": 4.999999999999999,
        "x0": 1.8634015593537432
    },
    "76.5": {
        "A": 0.2804609367826411,
        "sigma": 4.999999999999999,
        "x0": 1.7976446948907088
    },
    "77.0": {
        "A": 0.27769448542358915,
        "sigma": 4.999999999999999,
        "x0": 1.7655465801915091
    },
    "77.5": {
        "A": 0.2685033841735631,
        "sigma": 4.999999999999999,
        "x0": 1.6054532458518784
    },
    "78.0": {
        "A": 0.2599689865405452,
        "sigma": 4.999999999999999,
        "x0": 1.6806776744576266
    },
    "78.5": {
        "A": 0.2516907776466539,
        "sigma": 4.999999999999957,
        "x0": 1.7932261255096746
    }
}